Key,Value
lang.offer,"使用繁體中文進行遊戲？"
lang.offer.machine,"此翻譯為機器翻譯，仍在校對中。"
lang.offer.no,"不，保持英文"
lang.offer.yes,"是"
menu.rail.about,"關於"
menu.rail.begin,"開始"
menu.rail.continue,"繼續遊戲"
menu.rail.exit,"離開"
menu.rail.features,"功能"
menu.rail.load,"讀取遊戲"
menu.rail.new,"新遊戲"
menu.rail.online,"線上"
menu.rail.overhauls,"全面改造"
menu.rail.resume,"繼續"
menu.rail.save,"儲存遊戲"
menu.rail.settings,"設定"
menu.rail.test,"測試房間"
settings.language.machine,"機器翻譯"
settings.language.name,"語言"
settings.language.note,"遊戲文字所用的語言。立即生效。"
